Quaywall nr,leeftijd,geometrie,rak,rakdeel,aantasting houten palen,aantasting houten palen score1,beschadigde kesp,beschadigde kesp score3,beschadigde paal-kesp/paal-vloer,paal-kesp/paal-vloer score4,risicoscore specialist
AMS0204-A,120.0,"LINESTRING (121848.078000002 486610.011999998, 121847.546 486611.388, 121846.441 486611.561999999, 121845.357000001 486611.833999999, 121844.300999999 486612.202, 121843.282000002 486612.662, 121842.309 486613.212000001, 121841.388 486613.846999999, 121840.528000001 486614.561000001, 121839.734999999 486615.348999999, 121839.015000001 486616.204999998, 121838.375 486617.122000001, 121838.372000001 486617.127, 121834.473999999 486623.943, 121833.940000001 486625, 121831.368000001 486630.671, 121830.971999999 486631.522, 121830.502 486632.335000001, 121829.960999999 486633.103, 121829.353999998 486633.818999998, 121828.684999999 486634.478, 121827.960000001 486635.074000001, 121827.184999999 486635.603, 121826.908 486635.769000001, 121775.65697265729 486665.35908820265)",AMS0204,A,85.0,4.0,97.0,4.0,25.0,2.0,9.0
AMS0204-D,120.0,"LINESTRING (121745.26981089968 486679.84106479643, 121701.49398053726 486684.27690474846)",AMS0204,D,86.0,4.0,100.0,4.0,30.0,3.0,8.0
AMS0204-E,120.0,"LINESTRING (121701.49398053726 486684.27690474846, 121670.65191823646 486687.4021556237)",AMS0204,E,83.0,4.0,100.0,4.0,44.0,3.0,7.0
AMS0204-I,120.0,"LINESTRING (121602.57356450871 486694.40926867625, 121589.623 486691.368999999, 121565.01501262689 486689.26987669274)",AMS0204,I,83.0,4.0,100.0,4.0,0.0,1.0,9.0
AMS0404-A,120.0,"LINESTRING (122017.730999999 486305.721000001, 122034.730999999 486250, 122038.756999999 486236.802999999, 122038.780999999 486236.754000001, 122038.846000001 486236.666000001, 122038.885000002 486236.627, 122038.973999999 486236.563999999, 122039.03682904641 486236.53849513753)",AMS0404,A,91.0,4.0,94.0,4.0,76.0,4.0,12.0
BDG0101-B,120.0,"LINESTRING (119606.78672902327 487170.9288619742, 119593.572999999 487202.774, 119593.414000001 487203.136, 119593.241999999 487203.491, 119593.055 487203.84, 119592.853999998 487204.18, 119592.640999999 487204.513, 119592.414000001 487204.837000001, 119592.175000001 487205.151000001, 119591.923 487205.456, 119591.66 487205.750999998, 119591.385000002 487206.035, 119591.098999999 487206.307999998, 119590.802999999 487206.57, 119590.497000001 487206.818999998, 119590.18 487207.056000002, 119589.855 487207.280999999, 119589.521000002 487207.493000001, 119589.179000001 487207.691, 119588.829999998 487207.875, 119588.473000001 487208.046, 119588.109999999 487208.202, 119587.741 487208.344000001, 119587.366999999 487208.471000001, 119586.988000002 487208.583999999, 119586.605 487208.681000002, 119586.219000001 487208.763, 119585.829 487208.829999998, 119585.436999999 487208.881000001, 119585.043000001 487208.916999999, 119584.649 487208.936999999, 119584.254000001 487208.941, 119583.857999999 487208.93, 119583.478 487208.905000001, 119583.098999999 487208.864999998, 119582.721000001 487208.809999999, 119582.346000001 487208.741, 119581.973999999 487208.658, 119581.62289595381 487208.56570435734)",BDG0101,B,75.0,4.0,64.0,4.0,18.0,2.0,10.666666666666666
BDG0102-01-A,110.0,"LINESTRING (119647.8642 487155.0359, 119647.861000001 487155.045000002, 119647.645 487154.969000001, 119646.838 487154.682, 119646.254999999 487154.475000001, 119645.704999998 487154.278999999, 119646.741999999 487151.602000002, 119647.780999999 487149.037, 119651.153999999 487140.936999999, 119652.66774376507 487137.3538175393)",BDG0102-01,A,83.0,4.0,100.0,4.0,14.0,2.0,12.0
BDG0102-01-B,120.0,"LINESTRING (119652.66774376507 487137.3538175393, 119666.48279199757 487104.6522206007)",BDG0102-01,B,100.0,4.0,70.0,4.0,38.0,3.0,12.0
BDG0201-B,120.0,"LINESTRING (119726.22110985528 486883.9545571762, 119714.749000002 486911.329, 119703.999000002 486937.409000002, 119677.960000001 486999.999000002, 119677.959600002 487000, 119652.130899999 487061.370999999)",BDG0201,B,57.0,4.0,54.0,4.0,30.0,3.0,9.0
BDG0302-A,120.0,"LINESTRING (119764.289799999 486869.4899, 119771.002999999 486852.912999999, 119777.388 486837.497000001, 119778.495999999 486834.861000001, 119779.612 486832.228, 119780.734999999 486829.598000001, 119782.978 486824.265000001, 119787.267999999 486814.009, 119791.197999999 486804.548, 119791.36316038527 486804.1475585023)",BDG0302,A,90.0,4.0,90.0,4.0,20.0,2.0,6.0
BDG0302-B,129.0,"LINESTRING (119791.36316038527 486804.1475585023, 119794.903000001 486795.565000001, 119823.206999999 486727.890000001, 119830.600000001 486710.162, 119836.439800002 486696.657000002)",BDG0302,B,88.0,4.0,59.0,4.0,52.0,4.0,8.0
BDG0401-A,131.0,"LINESTRING (119859.776099999 486561.769099999, 119854.26398503142 486575.1805349925)",BDG0401,A,100.0,4.0,0.0,1.0,17.0,2.0,4.0
BDG0401-C,128.0,"LINESTRING (119830.7709708937 486632.3409958612, 119820.13829119416 486658.21119150036)",BDG0401,C,100.0,4.0,0.0,1.0,17.0,2.0,6.0
BRG0603-A,409.0,"LINESTRING (121270.690000001 488056.909000002, 121271.089000002 488057.164999999, 121271.351 488057.302999999, 121271.620000001 488057.423, 121271.897999998 488057.526000001, 121272.181000002 488057.611000001, 121272.469000001 488057.677000001, 121272.761 488057.723999999, 121273.055 488057.752, 121273.350000001 488057.761, 121273.645 488057.750999998, 121273.940000001 488057.721999999, 121274.230999999 488057.673999999, 121274.519000001 488057.605999999, 121274.941 488057.471000001, 121287.38896024581 488053.2751106692)",BRG0603,A,50.0,4.0,50.0,4.0,0.0,1.0,4.666666666666667
BRG0603-B,409.0,"LINESTRING (121287.38896024581 488053.2751106692, 121301.50841469207 488048.515803352)",BRG0603,B,33.0,3.0,67.0,4.0,50.0,4.0,7.0
GDK0102-B,138.0,"LINESTRING (121991.72084600016 487693.47200782533, 121991 487691.260000002, 121990.920000002 487691.170000002, 121976.25 487643.460000001, 121939.58080203626 487523.29163966456)",GDK0102,B,92.0,4.0,7.0,1.0,3.0,1.0,8.0
GDK0102-C,139.0,"LINESTRING (121939.58080203626 487523.29163966456, 121925 487475.509)",GDK0102,C,100.0,4.0,2.0,1.0,0.0,1.0,7.0
GDK0202-A,139.0,"LINESTRING (121898.078000002 487388.820999999, 121896.70904467205 487384.3634748668)",GDK0202,A,50.0,4.0,33.0,3.0,17.0,2.0,4.0
GDK0202-B,139.0,"LINESTRING (121896.70904467205 487384.3634748668, 121894.80753841597 487378.1718835561)",GDK0202,B,100.0,4.0,29.0,2.0,0.0,1.0,6.0
HEG0101-B,120.0,"LINESTRING (121128.10867186569 487795.33175850124, 121129.263 487797.171, 121134.574999999 487807.063000001, 121138.392999999 487813.605999999, 121227.86527594461 487971.00874641904)",HEG0101,B,82.0,4.0,86.0,4.0,3.0,1.0,9.0
HEG0602-B,120.0,"LINESTRING (120930.80191592444 486916.6175416799, 120930.528999999 486912.02, 120930.35185001734 486908.29985034314)",HEG0602,B,17.0,2.0,13.0,2.0,25.0,2.0,4.0
HEG0602-E,120.0,"LINESTRING (120929.91274097221 486900.0014898009, 120929.423999999 486890.997000001, 120929.384 486890.670000002, 120929.340999998 486890.486000001, 120929.284000002 486890.304000001, 120929.214000002 486890.127999999, 120929.131000001 486889.958000001, 120929.035 486889.794, 120928.927000001 486889.638)",HEG0602,E,100.0,4.0,25.0,2.0,13.0,2.0,4.0
HEG0801-A,120.0,"LINESTRING (121307.725000001 486471.802999999, 121307.748 486471.903999999, 121269.32986955979 486480.6289476864)",HEG0801,A,67.0,4.0,100.0,4.0,6.0,1.0,8.0
HEG0801-C,118.0,"LINESTRING (121201.0857613077 486496.20879410487, 121172.806000002 486502.719000001, 121170.38843137785 486503.27448038873)",HEG0801,C,33.0,3.0,100.0,4.0,31.0,3.0,8.0
HEG0801-E,120.0,"LINESTRING (121134.06734340153 486533.147094456, 121115.02055692948 486550.84511482803)",HEG0801,E,50.0,4.0,100.0,4.0,3.0,1.0,8.0
HEG0801-F,118.0,"LINESTRING (121115.02055692948 486550.84511482803, 121101.10175143066 486563.7782835614)",HEG0801,F,100.0,4.0,100.0,4.0,5.0,1.0,5.333333333333333
HEG0801-G,120.0,"LINESTRING (121101.10175143066 486563.7782835614, 121100.607000001 486564.238000002, 121082.473999999 486581.581999999, 121082.30547923686 486581.7420392486)",HEG0801,G,50.0,4.0,100.0,4.0,7.0,1.0,8.0
KBW0401-A,140.0,"LINESTRING (121548.444800001 486824.439399999, 121551.13801243453 486828.65207216615)",KBW0401,A,100.0,4.0,14.0,2.0,43.0,3.0,8.0
KBW0401-B,127.0,"LINESTRING (121551.13801243453 486828.65207216615, 121553.077 486831.684999999)",KBW0401,B,100.0,4.0,14.0,2.0,43.0,3.0,6.666666666666667
KPG0202-A,120.0,"LINESTRING (121035.201000001 488214.912, 121037.030999999 488214.971000001, 121041.221000001 488217.090999998, 121043.64113723185 488221.4356729215)",KPG0202,A,100.0,4.0,78.0,4.0,33.0,3.0,7.0
KPG0202-C,120.0,"LINESTRING (121044.78471917017 488223.4886513311, 121067.693 488264.614)",KPG0202,C,83.0,4.0,100.0,4.0,86.0,4.0,10.666666666666666
KZG0101-A,100.0,"LINESTRING (120993.804000001 487866.425999999, 120993.759 487866.839000002, 120993.758000001 487867.254999999, 120993.800000001 487867.668000001, 120993.884 487868.074999999, 120994.010000002 487868.471000001, 120994.175999999 487868.852000002, 120994.309 487869.094999999, 120998.910999998 487876.890999999, 121000.49334839331 487879.64558130776)",KZG0101,A,83.0,4.0,100.0,4.0,25.0,2.0,9.0
KZG0101-C,100.0,"LINESTRING (121010.95839942974 487897.8522452054, 121015.800999999 487906.261, 121021.710999999 487916.620999999, 121025.37524258633 487923.0147576309)",KZG0101,C,83.0,4.0,73.0,4.0,9.0,1.0,8.0
KZG0101-D,100.0,"LINESTRING (121025.37524258633 487923.0147576309, 121033.82814764878 487937.7642795216)",KZG0101,D,33.0,3.0,8.0,1.0,15.0,2.0,6.0
KZG0101-E,100.0,"LINESTRING (121033.82814764878 487937.7642795216, 121034.960999999 487939.741, 121039.771695757 487948.18896505446)",KZG0101,E,100.0,4.0,0.0,1.0,0.0,1.0,5.333333333333333
KZG0101-F,100.0,"LINESTRING (121039.771695757 487948.18896505446, 121042.74075030148 487953.4028614009)",KZG0101,F,100.0,4.0,0.0,1.0,0.0,1.0,6.0
KZG0101-G,100.0,"LINESTRING (121042.74075030148 487953.4028614009, 121050.65822908678 487967.3065849915)",KZG0101,G,100.0,4.0,0.0,1.0,0.0,1.0,5.333333333333333
KZG0101-H,100.0,"LINESTRING (121050.65822908678 487967.3065849915, 121065.50350180922 487993.3760667239)",KZG0101,H,50.0,4.0,38.0,3.0,8.0,1.0,9.0
KZG0101-I,100.0,"LINESTRING (121065.50350180922 487993.3760667239, 121116.791000001 488083.441)",KZG0101,I,88.0,4.0,64.0,4.0,7.0,1.0,6.0
KZG0202-B,120.0,"LINESTRING (120991.9043500051 487809.54157604877, 120984.660999998 487796.941, 120975 487780.046, 120974.00537088944 487778.3065806525)",KZG0202,B,86.0,4.0,100.0,4.0,50.0,4.0,7.0
KZG0202-C,120.0,"LINESTRING (120974.00537088944 487778.3065806525, 120968.04865557232 487767.8894052853)",KZG0202,C,100.0,4.0,100.0,4.0,40.0,3.0,6.0
KZG0202-D,120.0,"LINESTRING (120968.04865557232 487767.8894052853, 120965.951000001 487764.221000001, 120964.08234581549 487760.941862394)",KZG0202,D,33.0,3.0,100.0,4.0,20.0,2.0,6.0
KZG0202-E,120.0,"LINESTRING (120964.08234581549 487760.941862394, 120957.846999999 487750, 120957.842 487750, 120957.64327681536 487749.6514779538)",KZG0202,E,50.0,4.0,100.0,4.0,50.0,4.0,8.0
KZG0202-G,120.0,"LINESTRING (120942.2881557098 487722.7215641806, 120930.89564650245 487702.74130557466)",KZG0202,G,67.0,4.0,100.0,4.0,17.0,2.0,6.0
KZG0202-I,120.0,"LINESTRING (120910.58726052412 487667.12432284234, 120890.2788745458 487631.50734011)",KZG0202,I,100.0,4.0,94.0,4.0,23.0,2.0,6.0
KZG0202-J,120.0,"LINESTRING (120890.2788745458 487631.50734011, 120888.489999998 487628.370000001, 120888.340999998 487628.155000001)",KZG0202,J,100.0,4.0,50.0,4.0,50.0,4.0,7.0
KZG0801-C,120.0,"LINESTRING (120861.79909397961 486581.2023926127, 120816.072000001 486625, 120781.11740640622 486658.47996821033)",KZG0801,C,71.0,4.0,100.0,4.0,19.0,2.0,9.333333333333334
KZG0802-B,120.0,"LINESTRING (120812.26046422496 486665.4392556931, 120838.719999999 486640.305, 120854.918000001 486625, 120868.366999999 486612.291999999, 120890.287999999 486591.631999999)",KZG0802,B,69.0,4.0,100.0,4.0,16.0,2.0,7.0
KZG0901-A,120.0,"LINESTRING (121081.425999999 486372.570999999, 120975 486473.563999999, 120932.840999998 486513.570999999, 120905.568999998 486539.451000001, 120905.098000001 486539.899, 120904.625999998 486540.346000001, 120903.864999998 486541.068, 120901.506000001 486543.307, 120901.17138703266 486543.62806823174)",KZG0901,A,89.0,4.0,41.0,3.0,31.0,3.0,7.0
KZG0901-C,120.0,"LINESTRING (120896.9141836121 486547.71294510085, 120895.157000002 486549.399)",KZG0901,C,0.0,1.0,100.0,4.0,0.0,1.0,5.333333333333333
KZG1102-B,120.0,"LINESTRING (121521.80012364846 486295.42272242275, 121531.54265955913 486293.1681727938)",KZG1102,B,80.0,4.0,13.0,2.0,0.0,1.0,7.0
LAG0202-A,120.0,"LINESTRING (120429.728 487137.535999998, 120419.085999999 487132.127, 120299.230455732 487082.19040949614)",LAG0202,A,90.0,4.0,48.0,3.0,90.0,4.0,6.0
LAG0202-B,120.0,"LINESTRING (120299.230455732 487082.19040949614, 120298.098999999 487081.719000001, 120292.252 487079.280000001, 120292.03325658385 487079.1838069982)",LAG0202,B,100.0,4.0,100.0,4.0,100.0,4.0,10.666666666666666
LAG0202-C,120.0,"LINESTRING (120292.03325658385 487079.1838069982, 120285.620999999 487076.364, 120285.548 487076.338, 120285.414000001 487076.306000002, 120285.276999999 487076.289000001, 120285.21520532719 487076.2876566372)",LAG0202,C,14.0,2.0,17.0,2.0,17.0,2.0,8.0
LEG0101-A,120.0,"LINESTRING (120804.826000001 486690.835999999, 120804.506000001 486691.401000001, 120804.403999999 486691.613000002, 120804.313999999 486691.831, 120804.238000002 486692.054000001, 120804.175999999 486692.282000002, 120804.127999999 486692.511999998, 120804.094000001 486692.745000001, 120804.074000001 486692.98, 120804.068999998 486693.215999998, 120804.078000002 486693.451000001, 120804.081999999 486693.655999999, 120804.101 486693.846000001, 120804.133000001 486694.034000002, 120804.18 486694.219000001, 120804.241 486694.399999999, 120804.315000001 486694.576000001, 120804.401999999 486694.745999999, 120804.502 486694.908, 120804.614 486695.063000001, 120804.737 486695.208999999, 120807.897 486697.074999999, 120835.057999998 486712.818999998, 120869.127 486732.675999999, 120881.833000001 486739.982000001, 120889.691 486744.669, 120889.622000001 486744.791000001, 120891.699999999 486746.199999999)",LEG0101,A,92.0,4.0,100.0,4.0,10.0,2.0,6.0
LEG0102-A,120.0,"LINESTRING (120904.210999999 486734.460999999, 120893.447999999 486728.539000001, 120873.892000001 486717.590999998, 120861.175000001 486710.511999998, 120834.517000001 486695.636, 120816.057999998 486685.206, 120816.037999999 486685.241, 120812.57774036234 486683.2767037296)",LEG0102,A,67.0,4.0,1.0,1.0,1.0,1.0,4.666666666666667
LEG0201-A,157.0,"LINESTRING (120661.454 486610.269000001, 120660.752999999 486611.592, 120660.682 486611.738000002, 120660.609999999 486611.914000001, 120660.552999999 486612.094999999, 120660.509 486612.278999999, 120660.478999998 486612.467, 120660.464000002 486612.655999999, 120660.463 486612.844999999, 120660.477000002 486613.035, 120660.504000001 486613.221999999, 120660.546 486613.407000002, 120660.602000002 486613.589000002, 120660.671 486613.765000001, 120660.754000001 486613.936000001, 120660.848999999 486614.100000001, 120660.956999999 486614.256000001, 120661.076000001 486614.403999999, 120661.206 486614.541999999, 120661.346000001 486614.670000002, 120661.495000001 486614.787, 120661.653000001 486614.892999999, 120661.818 486614.986000001, 120665.991 486617.131999999, 120680.024 486625, 120681.645 486625.909000002, 120700.449000001 486636.835000001, 120720.221999999 486647.971000001, 120739.469000001 486658.892999999, 120753.816 486667.07, 120754.677000001 486666.113000002, 120755.546999998 486664.826000001, 120756.686000001 486663.013999999, 120756.719999999 486662.973000001, 120756.763999999 486662.942000002, 120756.813999999 486662.923999999, 120756.868000001 486662.920000002, 120756.920000002 486662.93, 120756.953000002 486662.945, 120761.78462926135 486665.6506728147)",LEG0201,A,47.0,3.0,10.0,2.0,2.0,1.0,4.0
LEG0202-A,120.0,"LINESTRING (120762.118999999 486652.559, 120754.804000001 486648.616999999, 120748.368000001 486645.085999999, 120729.524 486634.688000001, 120712.236000001 486625, 120710.436000001 486623.991, 120693.068999998 486614.331, 120672.787999999 486603.309, 120669.20685197406 486601.5479734144)",LEG0202,A,73.0,4.0,2.0,1.0,2.0,1.0,4.666666666666667
LEG0301-A,120.0,"LINESTRING (120516.155999999 486528.243999999, 120516.585999999 486528.498, 120516.524999999 486528.602000002, 120516.449999999 486528.747000001, 120516.396000002 486528.884, 120516.355999999 486529.026000001, 120516.329999998 486529.170000002, 120516.318 486529.317000002, 120516.320999999 486529.464000002, 120516.338 486529.609999999, 120516.368999999 486529.752999999, 120516.414000001 486529.892999999, 120516.473000001 486530.028000001, 120516.544 486530.155999999, 120516.627999999 486530.276999999, 120516.723000001 486530.388999999, 120516.828000002 486530.491, 120516.943999998 486530.581999999, 120517.067000002 486530.662, 120542.36474198342 486545.2697405786)",LEG0301,A,100.0,4.0,74.0,4.0,44.0,3.0,8.0
LEG0301-B,120.0,"LINESTRING (120542.36474198342 486545.2697405786, 120558.73203868238 486554.72075104143)",LEG0301,B,83.0,4.0,61.0,4.0,33.0,3.0,8.0
LEG0301-C,120.0,"LINESTRING (120558.73203868238 486554.72075104143, 120613.89589051963 486586.5741566753)",LEG0301,C,89.0,4.0,72.0,4.0,2.0,1.0,8.0
OUS0103-B,120.0,"LINESTRING (122239.20422408369 487201.1426664291, 122226.73114214571 487192.810666251)",OUS0103,B,100.0,4.0,73.0,4.0,9.0,1.0,9.0
OUS0103-F,120.0,"LINESTRING (122194.30112910699 487171.1474657878, 122185.98574114834 487165.5927990024)",OUS0103,F,50.0,4.0,0.0,1.0,57.0,4.0,9.0
SIN0702-D,120.0,"LINESTRING (121025.72298940572 487064.07863900025, 121025.188999999 487059.673, 121024.653000001 487055.072999999, 121024.49811101306 487053.14822688675)",SIN0702,D,100.0,4.0,40.0,3.0,20.0,2.0,4.666666666666667
SIN0702-E,120.0,"LINESTRING (121024.49811101306 487053.14822688675, 121024.331999999 487051.083999999, 121024.11585586231 487047.9122559184)",SIN0702,E,100.0,4.0,0.0,1.0,0.0,1.0,5.333333333333333
SIN0802-A,90.0,"LINESTRING (121021.392999999 487029.557999998, 121021.590999998 487029.530999999, 121018.7145632427 487008.042496619)",SIN0802,A,67.0,4.0,63.0,4.0,69.0,4.0,8.0
SIN0802-D,120.0,"LINESTRING (121003.5200976645 486894.53508718254, 121003.083000001 486891.249000002)",SIN0802,D,100.0,4.0,17.0,2.0,100.0,4.0,9.333333333333334
HEG0201-A,120.0,"LINESTRING (120998.554000001 487570.373, 121020.140000001 487607.695999999, 121020.488000002 487607.499000002, 121021.22068460585 487608.79000997305)",HEG0201,A,100.0,4.0,100.0,4.0,35.0,3.0,8.0
HEG0201-C,120.0,"LINESTRING (121055.73513838416 487670.39344097616, 121063.263 487683.545000002, 121063.601 487683.351, 121063.82746396361 487683.7475529061)",HEG0201,C,100.0,4.0,100.0,4.0,91.0,4.0,8.0
HEG0201-E,120.0,"LINESTRING (121090.60669115058 487730.6396950119, 121101.662999999 487750, 121117.252999999 487777.298, 121117.39790633021 487777.5246030529)",HEG0201,E,100.0,4.0,67.0,4.0,14.0,2.0,4.666666666666667
HEG1102-A,117.0,"LINESTRING (121690.877 486490.241, 121693.114999998 486494.741999999, 121705.199999999 486498.015999999, 121724.82608727472 486503.7717345126)",HEG1102,A,75.0,4.0,100.0,4.0,63.0,4.0,7.0
HEG1102-B,120.0,"LINESTRING (121724.82608727472 486503.7717345126, 121732.182 486505.929000001, 121750.079999998 486511.364999998, 121750.892000001 486511.612, 121753.921 486512.506000001, 121765.4898414141 486515.9899820702)",HEG1102,B,88.0,4.0,88.0,4.0,0.0,1.0,7.0
HEG1102-C,100.0,"LINESTRING (121765.4898414141 486515.9899820702, 121775.445 486518.988000002, 121789.3860797041 486523.33540916047)",HEG1102,C,0.0,1.0,100.0,4.0,50.0,4.0,9.333333333333334
HEG1102-D,83.0,"LINESTRING (121789.3860797041 486523.33540916047, 121789.59 486523.399, 121789.576000001 486523.511, 121841.868999999 486539.107999999)",HEG1102,D,100.0,4.0,100.0,4.0,0.0,1.0,7.0
KZG0902-A,120.0,"LINESTRING (120916.921 486566.522, 120975 486511.653000001, 121004.15003975343 486484.11390195333)",KZG0902,A,100.0,4.0,89.0,4.0,11.0,2.0,4.666666666666667
KZG0902-B,116.0,"LINESTRING (121004.15003975343 486484.11390195333, 121015.78055613782 486473.1261319961)",KZG0902,B,100.0,4.0,100.0,4.0,0.0,1.0,4.666666666666667
KZG0902-C,120.0,"LINESTRING (121015.78055613782 486473.1261319961, 121095.530999999 486397.783)",KZG0902,C,81.0,4.0,100.0,4.0,10.0,2.0,4.666666666666667
KZG1001-B,120.0,"LINESTRING (121265.50559650613 486326.24754567776, 121140.72274313479 486354.7649001221)",KZG1001,B,95.0,4.0,83.0,4.0,25.0,2.0,4.0
KZG1001-D,120.0,"LINESTRING (121117.32595812765 486360.11190408043, 121103.19040051918 486363.34238563856)",KZG1001,D,67.0,4.0,100.0,4.0,0.0,1.0,6.0
KZG1001-E,120.0,"LINESTRING (121103.19040051918 486363.34238563856, 121097.809999999 486364.572000001)",KZG1001,E,100.0,4.0,0.0,1.0,0.0,1.0,4.666666666666667
KZG1002-A,100.0,"LINESTRING (121109.421999998 486389.853999998, 121138.6797871242 486383.22211546364)",KZG1002,A,100.0,4.0,55.0,4.0,0.0,1.0,5.333333333333333
KZG1002-B,100.0,"LINESTRING (121138.6797871242 486383.22211546364, 121271.31508876299 486353.157572241)",KZG1002,B,68.0,4.0,99.0,4.0,2.0,1.0,8.0
KZG1002-C,100.0,"LINESTRING (121271.31508876299 486353.157572241, 121273.558185776 486352.64912776)",KZG1002,C,100.0,4.0,100.0,4.0,50.0,4.0,8.0
PRG0201-A,82.0,"LINESTRING (120779.107000001 487757, 120782.96689383243 487764.0072262423)",PRG0201,A,0.0,1.0,0.0,1.0,0.0,1.0,2.6666666666666665
PRG0201-B,74.0,"LINESTRING (120782.96689383243 487764.0072262423, 120784.291000001 487766.410999998, 120786.83326885615 487771.0108764023)",PRG0201,B,0.0,1.0,0.0,1.0,0.0,1.0,8.0
PRG0201-C,74.0,"LINESTRING (120786.83326885615 487771.0108764023, 120790.061000001 487776.851, 120796.471000001 487788.271000002, 120818.011 487825.681000002, 120847.03033234138 487877.12365724985)",PRG0201,C,100.0,4.0,30.0,3.0,11.0,2.0,8.0
PRG0201-D,155.0,"LINESTRING (120847.03033234138 487877.12365724985, 120855.451000001 487892.050999999, 120870.421 487918.971000001)",PRG0201,D,88.0,4.0,15.0,2.0,5.0,1.0,8.0
PRG1002-A,120.0,"LINESTRING (121011.546 486214.186999999, 121030.681000002 486209.721000001, 121034.081 486208.971000001, 121120.71329666839 486189.158255426)",PRG1002,A,89.0,4.0,100.0,4.0,99.0,4.0,8.0
PRG1002-C,120.0,"LINESTRING (121147.03374512773 486183.13878760074, 121238.322999999 486162.261, 121238.491 486162.219000001, 121238.658 486162.171999998, 121238.822000001 486162.118999999, 121238.984999999 486162.059999999, 121239.146000002 486161.995999999, 121239.305 486161.925999999, 121239.528000001 486161.816, 121239.598000001 486161.776000001, 121239.666000001 486161.73, 121239.73 486161.68, 121239.789999999 486161.625, 121239.844999999 486161.566, 121239.896000002 486161.502999999, 121239.943 486161.436999999, 121239.984000001 486161.366999999, 121240.02 486161.294, 121240.050999999 486161.219000001, 121240.076000001 486161.140999999, 121240.094999999 486161.063000001, 121240.109000001 486160.982000001, 121240.116 486160.901999999, 121240.116999999 486160.82, 121240.113000002 486160.739, 121240.092 486160.605999999, 121240.252999999 486160.570999999)",PRG1002,C,100.0,4.0,100.0,4.0,100.0,4.0,8.0
SIN0502-A,122.0,"LINESTRING (121108.965999998 487498.43, 121104.495999999 487483.026999999, 121097.682999998 487458.217, 121091.822000001 487436.567000002, 121090.84072969694 487432.89200075343)",SIN0502,A,100.0,4.0,10.0,2.0,26.0,2.0,10.666666666666666
WKN0103-02-B,128.0,"LINESTRING (120682.85684398528 488861.2013435051, 120686.657000002 488871.570999999, 120688.864999998 488877.502999999, 120691.421999998 488884.044, 120694.245000001 488891.030000001, 120696.77 488897.017000001, 120699.471999999 488903.272, 120702.316 488909.77, 120704.892000001 488915.612, 120707.907000002 488922.420000002, 120711.199000001 488929.710000001, 120713.778999999 488935.197999999, 120715.715999998 488939.284000002, 120717.3041419089 488942.679635663)",WKN0103-02,B,19.0,2.0,96.0,4.0,60.0,4.0,9.333333333333334
WKN0103-02-D,128.0,"LINESTRING (120727.69512055819 488969.9412656081, 120733.80875916373 488989.5084172404)",WKN0103-02,D,67.0,4.0,100.0,4.0,60.0,4.0,9.333333333333334
HEG1102-A,117.0,"LINESTRING (121690.877 486490.241, 121693.114999998 486494.741999999, 121705.199999999 486498.015999999, 121724.82608727472 486503.7717345126)",HEG1102,A,75.0,4.0,0.0,1.0,38.0,3.0,6.0
HEG1102-B,100.0,"LINESTRING (121724.82608727472 486503.7717345126, 121732.182 486505.929000001, 121750.079999998 486511.364999998, 121750.892000001 486511.612, 121753.921 486512.506000001, 121765.4898414141 486515.9899820702)",HEG1102,B,100.0,4.0,75.0,4.0,0.0,1.0,6.0
HEG1102-C,100.0,"LINESTRING (121765.4898414141 486515.9899820702, 121775.445 486518.988000002, 121789.3860797041 486523.33540916047)",HEG1102,C,0.0,1.0,17.0,2.0,50.0,4.0,4.0
HEG1102-D,100.0,"LINESTRING (121789.3860797041 486523.33540916047, 121789.59 486523.399, 121789.576000001 486523.511, 121841.868999999 486539.107999999)",HEG1102,D,100.0,4.0,100.0,4.0,0.0,1.0,6.0
PRG0102-A,120.0,"LINESTRING (121037.013999999 488160.085000001, 121037.032000002 488159.670000002, 121037.02 488159.392999999, 121036.989 488159.118000001, 121030.629000001 488148.416999999, 121029.556000002 488146.611000001, 121029.037999999 488145.706999999, 121017.173 488125, 120994.980999999 488086.271000002, 120975 488051.598999999, 120964.541000001 488033.351, 120955.831 488017.960999999, 120936.761 487984.631000001, 120928.910999998 487971.101, 120920.090999998 487955.721000001, 120908.210999999 487934.921, 120901.081 487921.691)",PRG0102,A,91.0,4.0,100.0,4.0,0.0,1.0,7.0
RMG0101-A,120.0,"LINESTRING (121698.25 487010.59, 121701.449999999 487009.129999999, 121731.405999999 487000.000999998, 121731.414000001 487000, 121799.598000001 486979.221000001, 121805.66347114094 486975.97681577585)",RMG0101,A,92.0,4.0,33.0,3.0,33.0,3.0,8.0
RMG0101-C,39.0,"LINESTRING (121808.61475093524 486973.281483017, 121811.447999999 486970.66, 121818.197000001 486964.469000001, 121821.526999999 486961.478999998, 121824.884 486958.521000002)",RMG0101,C,0.0,1.0,0.0,1.0,0.0,1.0,2.6666666666666665
PRG1001-A,27.0,"LINESTRING (121235.394000001 486138.473999999, 121235.254999999 486138.504999999, 121235.237 486138.425999999, 121235.214000002 486138.348000001, 121235.184999999 486138.272999998, 121235.149999999 486138.199000001, 121235.109999999 486138.129000001, 121235.065000001 486138.061000001, 121235.015000001 486137.997000001, 121234.960000001 486137.936999999, 121234.901000001 486137.881000001, 121234.838 486137.829, 121234.772 486137.783, 121234.702 486137.741, 121234.629000001 486137.704999998, 121234.554000001 486137.673999999, 121234.477000002 486137.649, 121234.397999998 486137.629000001, 121234.318 486137.614999998, 121234.237 486137.607999999, 121234.039000001 486137.603, 121233.905000001 486137.607000001, 121233.772 486137.616999999, 121233.638 486137.633000001, 121233.506000001 486137.655000001, 121233.375 486137.682999998, 121230.91480783143 486138.26168471266)",PRG1001,A,0.0,1.0,0.0,1.0,0.0,1.0,2.6666666666666665
PRG1001-B,100.0,"LINESTRING (121230.91480783143 486138.26168471266, 121090.74039818623 486171.2334132178)",PRG1001,B,100.0,4.0,31.0,3.0,17.0,2.0,7.0
PRG1001-C,27.0,"LINESTRING (121090.74039818623 486171.2334132178, 121073.741 486175.232000001, 121070.29651261854 486176.0341673508)",PRG1001,C,17.0,2.0,0.0,1.0,0.0,1.0,4.666666666666667
PRG1001-D,100.0,"LINESTRING (121070.29651261854 486176.0341673508, 120998.824000001 486192.679000001, 120998.715999998 486192.708000001, 120998.625999998 486192.739999998, 120998.539000001 486192.776999999, 120998.454 486192.82, 120998.373 486192.868000001, 120998.294 486192.921, 120998.27146549252 486192.9384266854)",PRG1001,D,67.0,4.0,48.0,3.0,53.0,4.0,9.333333333333334
SIN0201-A,153.0,"LINESTRING (121278.127999999 487810.252, 121278.166000001 487810.750999998, 121278.072999999 487810.890000001, 121277.958000001 487811.092, 121277.859999999 487811.302000001, 121277.780000001 487811.519000001, 121277.717999998 487811.743000001, 121277.675000001 487811.969999999, 121277.646000002 487812.317000002, 121277.649999999 487812.548, 121277.673999999 487812.778999999, 121277.717 487813.006999999, 121277.778000001 487813.23, 121277.903999999 487813.554000001, 121278.010000002 487813.760000002, 121278.133000001 487813.956999999, 121341.31340880615 487906.5408147167)",SIN0201,A,76.0,4.0,66.0,4.0,37.0,3.0,8.0
SIN0201-C,153.0,"LINESTRING (121369.52220689462 487947.82352391, 121378.691 487961.210999999, 121387.745000001 487974.769000001, 121390.29662229368 487978.4398348981)",SIN0201,C,83.0,4.0,3.0,1.0,14.0,2.0,8.0
ROK0101-B,120.0,"LINESTRING (121318.77302141569 486902.92613478523, 121319.271000002 486901.660999998, 121318.763999999 486901.465999998, 121325.528000001 486885.798, 121336.73542572925 486856.86105681944)",ROK0101,B,100.0,4.0,50.0,4.0,50.0,4.0,6.0
ROK0101-C,120.0,"LINESTRING (121336.73542572925 486856.86105681944, 121338.122000001 486853.280999999, 121353.1162023484 486831.8436080798)",ROK0101,C,50.0,4.0,50.0,4.0,50.0,4.0,7.0
ROK0101-D,120.0,"LINESTRING (121353.1162023484 486831.8436080798, 121361.71352988611 486819.5519052194)",ROK0101,D,50.0,4.0,50.0,4.0,50.0,4.0,7.0
ROK0101-F,120.0,"LINESTRING (121363.71957297824 486816.6838412186, 121389.973000001 486779.149, 121395.9299927833 486770.87552894984)",ROK0101,F,100.0,4.0,50.0,4.0,50.0,4.0,6.0
ROK0101-B,120.0,"LINESTRING (121318.77302141569 486902.92613478523, 121319.271000002 486901.660999998, 121318.763999999 486901.465999998, 121325.528000001 486885.798, 121336.73542572925 486856.86105681944)",ROK0101,B,100.0,4.0,0.0,1.0,0.0,1.0,6.0
ROK0101-C,120.0,"LINESTRING (121336.73542572925 486856.86105681944, 121338.122000001 486853.280999999, 121353.1162023484 486831.8436080798)",ROK0101,C,50.0,4.0,50.0,4.0,50.0,4.0,7.0
ROK0101-F,120.0,"LINESTRING (121363.71957297824 486816.6838412186, 121389.973000001 486779.149, 121395.9299927833 486770.87552894984)",ROK0101,F,100.0,4.0,50.0,4.0,50.0,4.0,6.0
ROK0101-B,120.0,"LINESTRING (121318.77302141569 486902.92613478523, 121319.271000002 486901.660999998, 121318.763999999 486901.465999998, 121325.528000001 486885.798, 121336.73542572925 486856.86105681944)",ROK0101,B,100.0,4.0,50.0,4.0,50.0,4.0,6.0
ROK0101-C,120.0,"LINESTRING (121336.73542572925 486856.86105681944, 121338.122000001 486853.280999999, 121353.1162023484 486831.8436080798)",ROK0101,C,50.0,4.0,50.0,4.0,50.0,4.0,7.0
ROK0101-D,120.0,"LINESTRING (121353.1162023484 486831.8436080798, 121361.71352988611 486819.5519052194)",ROK0101,D,50.0,4.0,50.0,4.0,50.0,4.0,7.0
ROK0101-F,120.0,"LINESTRING (121363.71957297824 486816.6838412186, 121389.973000001 486779.149, 121395.9299927833 486770.87552894984)",ROK0101,F,100.0,4.0,50.0,4.0,50.0,4.0,6.0
SIN0401-B,120.0,"LINESTRING (121126.68943940251 487591.4125937847, 121199.737 487697.833000001, 121201.894000001 487701.015000001, 121207.390000001 487708.328000002, 121212.066 487715.469999999)",SIN0401,B,100.0,4.0,71.0,4.0,34.0,3.0,10.666666666666666
SCK0303-A,74.0,"LINESTRING (118165.982000001 483977.254999999, 118176.899999999 483973.546999998, 118181.634 483971.98, 118183.2971 483971.5559, 118184.985100001 483971.245099999, 118186.690200001 483971.049199998, 118188.4047 483970.969099998, 118190.120700002 483971.004900001, 118191.8303 483971.156800002, 118193.525699999 483971.423799999, 118195.199200001 483971.804900002, 118196.8431 483972.2982, 118198.449999999 483972.901500002, 118200.0123 483973.612100001, 118201.522999998 483974.426600002, 118202.975299999 483975.341400001, 118204.362300001 483976.352299999, 118205.677900001 483977.454700001, 118206.915899999 483978.643399999, 118208.070700001 483979.913199998, 118209.136999998 483981.258099999, 118210.109999999 483982.671999998, 118214.59 483989.964000002)",SCK0303,A,14.0,2.0,0.0,1.0,0.0,1.0,1.3333333333333333
SCK0306-B,110.0,"LINESTRING (118557.25368605659 484830.42420936184, 118557.170000002 484830.013, 118548.66 484789.318999998, 118541.782000002 484756.956999999, 118535.348000001 484725.548999999, 118527.1536 484685.741799999)",SCK0306,B,22.0,2.0,17.0,2.0,17.0,2.0,4.0
SIG0603-A,126.0,"LINESTRING (120104.802000001 487224.877999999, 120112.313000001 487194.802999999, 120116.534000002 487179.057, 120118.846999999 487169.888999999, 120120.078000002 487165.118000001, 120122.870999999 487154.767000001, 120122.909000002 487154.566, 120122.960000001 487154.368000001, 120123.026000001 487154.173999999, 120123.103999998 487153.986000001, 120123.195999999 487153.802999999, 120123.300999999 487153.627, 120123.418000001 487153.458999999, 120123.546 487153.300000001, 120123.684999999 487153.149999999, 120123.833999999 487153.010000002, 120123.993000001 487152.881000001, 120124.16 487152.763, 120124.352000002 487152.649, 120124.83548706725 487150.79289578274)",SIG0603,A,80.0,4.0,28.0,2.0,28.0,2.0,4.666666666666667
SIN0501-A,120.0,"LINESTRING (121050.09 487401.191, 121060.37579071759 487444.588724702)",SIN0501,A,83.33333333333334,4.0,20.0,2.0,23.0,2.0,9.333333333333334
SIN0501-C,120.0,"LINESTRING (121061.82871631223 487450.71889657696, 121067.50204482462 487474.6557581839)",SIN0501,C,100.0,4.0,100.0,4.0,100.0,4.0,9.333333333333334
KPG0202-A,120.0,"LINESTRING (121035.201000001 488214.912, 121037.030999999 488214.971000001, 121041.221000001 488217.090999998, 121043.64113723185 488221.4356729215)",KPG0202,A,100.0,4.0,33.0,3.0,22.0,2.0,8.0
KPG0202-C,120.0,"LINESTRING (121044.78471917017 488223.4886513311, 121067.693 488264.614)",KPG0202,C,83.0,4.0,67.0,4.0,76.0,4.0,8.0
SGG0101-A,120.0,"LINESTRING (120922.305 486113.052999999, 120922.477000002 486113.491, 120922.541000001 486113.636, 120922.609999999 486113.778999999, 120922.701000001 486113.949999999, 120942.42638352973 486148.7693392901)",SGG0101,A,100.0,4.0,27.0,2.0,23.0,2.0,6.0
SGG0102-A,120.0,"LINESTRING (120980.659000002 486186.370999999, 120980.482000001 486185.923999999, 120980.43 486185.809999999, 120980.375 486185.704, 120975 486175.822999999, 120973.394000001 486172.870000001, 120965.3027168999 486158.30139757245)",SGG0102,A,100.0,4.0,8.0,1.0,17.0,2.0,7.0
SGG0102-C,120.0,"LINESTRING (120956.07757909757 486141.6912551128, 120940.221000001 486113.140999999, 120936.38525636967 486106.88070331624)",SGG0102,C,83.0,4.0,48.0,3.0,19.0,2.0,8.0
SIG0203-A,214.0,"LINESTRING (120511.311000001 488369.827, 120509.690000001 488369.107000001, 120509.649 488369.199000001, 120500 488364.910999998, 120451.771000002 488342.820999999, 120451.63907006246 488342.31854342396)",SIG0203,A,62.0,4.0,38.0,3.0,7.0,1.0,4.0
SIG0802-A,142.0,"LINESTRING (120462.434999999 486482.476, 120453.454999998 486477.625999998, 120448.513 486474.675000001, 120443.853999998 486471.293000001, 120443.017000001 486470.614999998, 120438.352000002 486466.263, 120434.094000001 486461.511999998, 120430.278000001 486456.399999999, 120429.627 486455.425000001, 120429.539000001 486455.320999999, 120429.502999999 486455.272999998, 120426.535999998 486450.333000001, 120424.021000002 486445.147999998, 120422.609999999 486441.583000001, 120422.605 486441.57, 120422.565000001 486441.449000001, 120420.748 486435.333000001, 120419.484000001 486429.079, 120419.171999998 486426.844999999, 120418.732999999 486420.910999998, 120418.826000001 486414.960999999, 120419.451000001 486409.043000001, 120420.601 486403.204, 120422.267999999 486397.491999999, 120423.813999999 486393.405000001, 120424.022999998 486392.925999999, 120426.480999999 486387.692000002, 120429.396000002 486382.697999999, 120431.447999999 486379.706999999, 120432.642999999 486378.037999999, 120434.504000001 486375.818999998, 120439.311999999 486370.772999998, 120444.550999999 486366.177000001, 120449.75764524068 486362.36396565335)",SIG0802,A,86.0,4.0,100.0,4.0,70.0,4.0,9.333333333333334
AMS0305-A,140.0,"LINESTRING (121945.181000002 486545.951000001, 121944.063999999 486545.568, 121943.971999999 486545.528999999, 121943.886 486545.477000002, 121943.807999998 486545.412999999, 121943.741 486545.339000002, 121943.684 486545.256000001, 121943.640999999 486545.166000001, 121943.609999999 486545.07, 121943.594000001 486544.971000001, 121943.590999998 486544.870999999, 121943.603999998 486544.771000002, 121943.622000001 486544.697999999, 121973.802000001 486447.195999999, 121979.23446706794 486430.37725654204)",AMS0305,A,89.0,4.0,15.0,2.0,15.0,2.0,9.333333333333334
GDK0202-A,120.0,"LINESTRING (121898.078000002 487388.820999999, 121896.70904467205 487384.3634748668)",GDK0202,A,100.0,4.0,0.0,1.0,0.0,1.0,5.0
JLK0202-B,134.0,"LINESTRING (119707.83687885628 486412.404876129, 119720.035999998 486417.017000001, 119730.471000001 486421.072000001, 119747.5 486427.691, 119771.140000001 486436.800000001, 119883.155000001 486489.855, 119883.427999999 486489.991, 119883.693 486490.140000001, 119883.952 486490.300999999, 119884.203000002 486490.473999999, 119884.431400001 486490.648600001, 119884.445 486490.659000002, 119884.679000001 486490.853999998, 119884.903000001 486491.061000001, 119884.96016390168 486491.11869814375)",JLK0202,B,100.0,4.0,15.0,2.0,50.0,4.0,6.0
KZG0601-A,120.0,"LINESTRING (120754.412 486900.127, 120754.324000001 486900.296, 120754.249000002 486900.469999999, 120754.188000001 486900.649, 120754.140000001 486900.833000001, 120754.105999999 486901.02, 120754.087000001 486901.208000001, 120754.081999999 486901.397999998, 120754.098999999 486902.949000001, 120754.002999999 486902.956999999, 120755.93863545211 486932.9187449196)",KZG0601,A,100.0,4.0,7.0,1.0,53.0,4.0,8.0
KZG0601-C,120.0,"LINESTRING (120757.0721368709 486951.8848515413, 120757.71591888623 486962.86599650513)",KZG0601,C,100.0,4.0,40.0,3.0,50.0,4.0,8.0
KZG0601-D,120.0,"LINESTRING (120757.71591888623 486962.86599650513, 120757.919 486966.329999998, 120757.769000001 486966.339000002, 120757.875999998 486968.169, 120758.58345512589 486978.6918991427)",KZG0601,D,100.0,4.0,13.0,2.0,100.0,4.0,8.0
KZG0601-F,120.0,"LINESTRING (120760.52853716353 487007.62659554265, 120762.425999999 487035.861000001, 120763.31740968079 487052.539103893)",KZG0601,F,100.0,4.0,42.0,3.0,30.0,3.0,8.0
KZG0602-A,120.0,"LINESTRING (120790.015000001 487053.050000001, 120790.068 487052.916999999, 120790.107999999 487052.780000001, 120790.134 487052.638999999, 120790.145 487052.497000001, 120790.142000001 487052.353999998, 120786.440000001 487000, 120786.144000001 486995.813000001, 120785.728 486995.441, 120785.03450847897 486985.41993320006)",KZG0602,A,67.0,4.0,31.0,3.0,21.0,2.0,7.0
KZG0602-C,120.0,"LINESTRING (120783.10143763288 486957.4867408099, 120781.785 486938.464000002, 120779.59071685855 486902.599300252)",KZG0602,C,88.0,4.0,26.0,2.0,3.0,1.0,7.0
KZG0702-B,120.0,"LINESTRING (120778.60144494043 486879.13802296954, 120772.27729817094 486779.33819748054)",KZG0702,B,87.0,4.0,14.0,2.0,19.0,2.0,10.666666666666666
KZG0702-C,120.0,"LINESTRING (120772.27729817094 486779.33819748054, 120772.261 486779.081, 120772.991 486779.000999998, 120771.57336516255 486755.0349750875)",KZG0702,C,33.0,3.0,25.0,2.0,59.0,4.0,9.333333333333334
KZG0702-D,120.0,"LINESTRING (120771.57336516255 486755.0349750875, 120771.094000001 486746.931000002, 120772.660999998 486737.191, 120772.91264938991 486736.2060254948)",KZG0702,D,50.0,4.0,67.0,4.0,53.0,4.0,10.666666666666666
KZG0702-F,120.0,"LINESTRING (120782.45085425985 486707.95487040584, 120785.77823532392 486701.7962556871)",KZG0702,F,50.0,4.0,0.0,1.0,0.0,1.0,7.0
NHG0201-A,120.0,"LINESTRING (122160.386 486635.506000001, 122174.77608333982 486639.7398518492)",NHG0201,A,100.0,4.0,33.0,3.0,0.0,1.0,2.6666666666666665
NHG0201-B,120.0,"LINESTRING (122174.77608333982 486639.7398518492, 122188.20682779032 486643.6914469076)",NHG0201,B,100.0,4.0,30.0,3.0,30.0,3.0,3.0
NHG0201-C,162.0,"LINESTRING (122188.20682779032 486643.6914469076, 122194.833000001 486645.640999999, 122197.594999999 486646.831, 122201.8006755534 486649.6901843655)",NHG0201,C,100.0,4.0,33.0,3.0,0.0,1.0,5.0
NHG0201-F,120.0,"LINESTRING (122234.05321597305 486671.61673531355, 122240.460999999 486675.973000001, 122249.388999999 486683.405000001, 122262.098000001 486696.82, 122267.47104272486 486702.9559255925)",NHG0201,F,86.0,4.0,81.0,4.0,42.0,3.0,6.666666666666667
OAW0601-A,120.0,"LINESTRING (121530.84 487056.649999999, 121575.1634109067 487137.26907494775)",OAW0601,A,100.0,4.0,21.0,2.0,22.0,2.0,9.333333333333334
OAW0602-D,120.0,"LINESTRING (121552.27417707794 487074.3709887587, 121549.772 487069.967999998, 121548.34184395816 487067.4042234632)",OAW0602,D,100.0,4.0,43.0,3.0,29.0,2.0,8.0
PRG0704-A,120.0,"LINESTRING (120646.289999999 486891.647999998, 120632.8778989124 486671.05535382766)",PRG0704,A,90.0,4.0,16.0,2.0,17.0,2.0,6.0
EPD0205-A,120.0,"LINESTRING (123100.634 486701.958000001, 123106.460000001 486698.605999999, 123109.30178179817 486696.97106119164)",EPD0205,A,67.0,4.0,0.0,1.0,13.0,2.0,8.0
HEG0601-A,120.0,"LINESTRING (120905.331 486891.02, 120905.239999998 486891.186000001, 120905.160999998 486891.359000001, 120905.094999999 486891.535999998, 120905.043000001 486891.719000001, 120905.004999999 486891.905000001, 120904.980999999 486892.092999998, 120904.971000001 486892.282000002, 120904.976 486892.471999999, 120906.08940758838 486909.9191715475)",HEG0601,A,100.0,4.0,33.0,3.0,0.0,1.0,7.0
HEG0601-B,120.0,"LINESTRING (120906.08940758838 486909.9191715475, 120910.22902277627 486974.7872190447)",HEG0601,B,44.0,3.0,0.0,1.0,100.0,4.0,7.0
HEG0601-C,120.0,"LINESTRING (120910.22902277627 486974.7872190447, 120911.56643691388 486995.7445882361)",HEG0601,C,83.0,4.0,47.0,3.0,0.0,1.0,7.0
HEG0901-A,120.0,"LINESTRING (121531.045000002 486421.886999998, 121530.721000001 486421.943, 121450 486439.452, 121409.916999999 486448.605999999, 121374.877999999 486456.524999999, 121373.561999999 486456.822999999, 121371.500999998 486457.289000001, 121370.184 486457.585999999, 121341.68008559804 486464.02873507625)",HEG0901,A,58.0,4.0,73.0,4.0,25.0,2.0,6.0
KZG0201-A,120.0,"LINESTRING (120864.164999999 487641.153000001, 120864.149 487641.298999999, 120864.146000002 487641.445999999, 120864.159000002 487641.592, 120864.184999999 487641.737, 120864.226 487641.877999999, 120864.280000001 487642.013999999, 120864.346999999 487642.145, 120897.941 487700.230999999, 120908.460999999 487718.471000001, 120926.616999999 487750, 120926.620000001 487750, 120940.160999998 487773.511, 120951.000999998 487792.361000001, 120950.851 487792.441, 120958.171 487805.271000002, 120964.431000002 487816.271000002, 120964.590999998 487816.201000001, 120965.250999998 487817.390999999, 120965.95330819068 487818.62423974305)",KZG0201,A,80.0,4.0,51.0,4.0,51.0,4.0,10.666666666666666
KZG0701-A,120.0,"LINESTRING (120763.809999999 486685.059, 120763.592999998 486685.169, 120763.381999999 486685.291000001, 120763.179000001 486685.425999999, 120762.984000001 486685.572999999, 120762.798 486685.730999999, 120762.622000001 486685.899999999, 120762.456 486686.079, 120762.300999999 486686.267000001, 120762.157000002 486686.464000002, 120762.024999999 486686.669, 120758.377999999 486694.363000002, 120755.664000001 486700.074999999, 120752.43368302516 486707.0896862688)",KZG0701,A,100.0,4.0,0.0,1.0,0.0,1.0,7.0
KZG0701-B,120.0,"LINESTRING (120752.43368302516 486707.0896862688, 120750.784000002 486710.671999998, 120750.552999999 486710.568, 120748.348999999 486716.500999998, 120744.381000001 486731.991, 120743.894000001 486745.364, 120747.80910821183 486809.345916881)",KZG0701,B,86.0,4.0,89.0,4.0,30.0,3.0,8.0
KZG0701-C,120.0,"LINESTRING (120747.80910821183 486809.345916881, 120748.238000002 486816.355, 120748.546999998 486816.335000001, 120751.84546804879 486867.8977667256)",KZG0701,C,100.0,4.0,100.0,4.0,5.0,1.0,8.0
KZG0701-D,120.0,"LINESTRING (120751.84546804879 486867.8977667256, 120752.431000002 486877.050999999, 120751.991 486877.101, 120752.00964261506 486877.48577446153)",KZG0701,D,100.0,4.0,100.0,4.0,17.0,2.0,7.0
LYG0501-B,115.0,"LINESTRING (120251.177000001 487440.495000001, 120239.4440539998 487386.76104445953)",LYG0501,B,56.0,4.0,33.0,3.0,12.0,2.0,6.0
LYG0501-C,132.0,"LINESTRING (120239.4440539998 487386.76104445953, 120236.875999998 487375, 120234.691 487364.991, 120227.58158010455 487332.0319206899)",LYG0501,C,91.0,4.0,9.0,1.0,37.0,3.0,9.333333333333334
NAG0101-A,124.0,"LINESTRING (122170.151000001 486134.931000002, 122209.938999999 486147.140999999, 122258.101 486162.021000002, 122261.88982437951 486163.21465574316)",NAG0101,A,92.0,4.0,48.0,3.0,33.0,3.0,6.0
OAW0701-B,120.0,"LINESTRING (121477.05038760825 486959.6785449434, 121477.201000001 486959.931000002, 121480.074000001 486965.193, 121499.282000002 487000, 121523.370000001 487043.649999999)",OAW0701,B,100.0,4.0,62.0,4.0,46.0,3.0,6.0
OAW0702-A,120.0,"LINESTRING (121531.09 487037.43, 121517.77495870342 487012.7985226738)",OAW0702,A,100.0,4.0,14.0,2.0,18.0,2.0,8.0
OAW0702-C,120.0,"LINESTRING (121500.62204193292 486981.16871280695, 121489.963 486961.486000001, 121486.8288452212 486955.6589789161)",OAW0702,C,100.0,4.0,43.0,3.0,52.0,4.0,8.0
OAW0702-D,120.0,"LINESTRING (121486.8288452212 486955.6589789161, 121480.311000001 486943.541000001)",OAW0702,D,50.0,4.0,50.0,4.0,0.0,1.0,7.0
PRG0701-B,120.0,"LINESTRING (120613.15817007699 486754.1181365493, 120613.195999999 486754.851, 120613.662999999 486762.068999998, 120615.736000001 486801.122000001, 120618.118999999 486837.375999998, 120620.526000001 486868.708000001, 120620.442000002 486875.368000001, 120619.541000001 486880.390999999, 120619.56738451989 486880.7949763167)",PRG0701,B,81.0,4.0,100.0,4.0,17.0,2.0,9.333333333333334
PRG0803-B,120.0,"LINESTRING (120682.09362168924 486567.26367133646, 120694.478999998 486553.872000001, 120744.537999999 486499.609999999, 120749.25455142486 486494.5285197039)",PRG0803,B,77.0,4.0,60.0,4.0,50.0,4.0,6.0
REG0201-B,120.0,"LINESTRING (121028.71937464924 488930.14358481363, 121055.699999999 488932.600000001, 121074.190000001 488934.34, 121099.52 488936.629999999, 121117.16 488938.170000002, 121119.989999998 488938.460000001, 121127.07 488939.210000001, 121127.346999999 488939.199999999, 121127.623 488939.184, 121127.897999998 488939.162999999, 121128.173 488939.136, 121128.447999999 488939.103, 121128.721000001 488939.063999999, 121128.993999999 488939.02, 121129.265999999 488938.969999999, 121129.535999998 488938.914000001, 121129.806000002 488938.853, 121130.074000001 488938.785999998, 121130.340999998 488938.713, 121130.605999999 488938.635000002, 121130.868999999 488938.552000001, 121131.261 488938.416000001, 121131.519000001 488938.318999998, 121131.903999999 488938.162999999, 121132.157000002 488938.052999999, 121132.408 488937.936999999, 121132.655999999 488937.816)",REG0201,B,67.0,4.0,92.0,4.0,1.0,1.0,10.666666666666666
SIN0903-A,120.0,"LINESTRING (121080.431000002 486739.221000001, 121049.351 486776.721000001, 121022.93882310925 486808.46435446484)",SIN0903,A,85.0,4.0,39.0,3.0,0.0,1.0,8.0
SIN1001-A,108.0,"LINESTRING (121350.892000001 486666.208999999, 121350.259 486665.756000001, 121350.179000001 486665.690000001, 121350.109000001 486665.613000002, 121350.050000001 486665.528000001, 121350.002999999 486665.434999999, 121349.969999999 486665.337000001, 121349.692000002 486664.045000002, 121349.669 486663.982000001, 121349.636 486663.932, 121349.590999998 486663.892000001, 121347.745000001 486662.603999998, 121347.697000001 486662.668000001, 121346.284000002 486661.827, 121344.861000001 486661.102000002, 121342.754999999 486660.101, 121341.026000001 486659.421, 121339.616 486659, 121337.405999999 486658.348000001, 121335.78578526239 486658.00410462025)",SIN1001,A,67.0,4.0,0.0,1.0,0.0,1.0,8.0
SIN1001-B,120.0,"LINESTRING (121335.78578526239 486658.00410462025, 121334.875999998 486657.811000001, 121332.298999999 486657.469999999, 121329.441 486657.204999998, 121326.555 486657.015000001, 121325.84708186073 486657.00590117945)",SIN1001,B,100.0,4.0,50.0,4.0,25.0,2.0,8.0
SIN1001-C,120.0,"LINESTRING (121325.84708186073 486657.00590117945, 121321.809 486656.954, 121313.785999998 486656.844999999, 121305.631000001 486656.831, 121297.763999999 486656.864, 121287.192000002 486657.25, 121277.965999998 486657.780000001, 121266.098000001 486658.596000001, 121260.9177258796 486659.0425861702)",SIN1001,C,89.0,4.0,50.0,4.0,0.0,1.0,6.0
SIN1001-D,120.0,"LINESTRING (121260.9177258796 486659.0425861702, 121253.94359374257 486659.64381901646)",SIN1001,D,50.0,4.0,50.0,4.0,16.0,2.0,8.0
SIN1001-E,120.0,"LINESTRING (121253.94359374257 486659.64381901646, 121249.579999998 486660.02, 121201.673 486669.653000001, 121174.88754270691 486676.92225730576)",SIN1001,E,92.0,4.0,50.0,4.0,5.0,1.0,8.0
SIN1001-F,120.0,"LINESTRING (121174.88754270691 486676.92225730576, 121166.2017226155 486679.27948647144)",SIN1001,F,100.0,4.0,0.0,1.0,100.0,4.0,8.0
SIN1001-G,120.0,"LINESTRING (121166.2017226155 486679.27948647144, 121157.51590252409 486681.63671563717)",SIN1001,G,100.0,4.0,0.0,1.0,0.0,1.0,6.0
SIN1001-I,120.0,"LINESTRING (121147.8649913114 486684.2558591546, 121138.671 486686.750999998, 121128.26095482832 486693.6225245784)",SIN1001,I,100.0,4.0,0.0,1.0,10.0,2.0,8.0
ZKG0201-C,120.0,"LINESTRING (120913.86382696404 489055.5808143554, 120920.153000001 489056.142000001, 120966.636999998 489060.675000001, 121021.598000001 489065.938000001, 121021.596000001 489066.105, 121022.1949442521 489066.1647046548)",ZKG0201,C,40.0,3.0,63.0,4.0,36.0,3.0,9.0
ZKG0201-F,120.0,"LINESTRING (121136.63818372168 489077.46678898763, 121137.636 489077.566, 121138.134 489077.585000001, 121138.634 489077.59, 121139.133000001 489077.581, 121139.631000001 489077.557, 121140.129000001 489077.519000001, 121140.625999998 489077.467, 121141.120000001 489077.401000001, 121141.613000002 489077.320999999, 121142.103 489077.226, 121142.611000001 489077.113000002, 121143.114999998 489076.984999999, 121143.614999998 489076.840999998, 121144.109999999 489076.682999998, 121144.600000001 489076.510000002, 121145.085000001 489076.322999999, 121145.565000001 489076.120999999, 121146.037999999 489075.905000001, 121146.504000001 489075.675000001, 121147.021000002 489075.401000001, 121147.532000002 489075.116, 121148.035999998 489074.82, 121148.535 489074.513999999, 121149.026999999 489074.197000001, 121149.532000002 489073.855999999, 121150.030000001 489073.504000001, 121150.519000001 489073.140999999, 121151.000999998 489072.767000001, 121151.473999999 489072.383000001, 121151.938999999 489071.989, 121152.272999998 489071.754999999, 121152.614 489071.532000002, 121152.772399999 489071.4353)",ZKG0201,F,83.0,4.0,75.0,4.0,60.0,4.0,9.333333333333334
GRW0101-A,120.0,"LINESTRING (121654.989 486822.800000001, 121673.232999999 486854.658, 121683.311999999 486871.704999998, 121697.401000001 486895.999000002, 121714.695999999 486925.721000001, 121716.1842305652 486928.29441364994)",GRW0101,A,67.0,4.0,95.0,4.0,75.0,4.0,9.333333333333334
GRW0101-B,120.0,"LINESTRING (121716.1842305652 486928.29441364994, 121725.057 486943.636999998, 121735.238000002 486960.965999998, 121737.92691193402 486965.8760478119)",GRW0101,B,83.0,4.0,30.0,3.0,48.0,3.0,6.0
GRW0101-C,125.0,"LINESTRING (121737.92691193402 486965.8760478119, 121742.796999998 486974.769000001)",GRW0101,C,67.0,4.0,100.0,4.0,67.0,4.0,8.0
HEG1001-A,112.0,"LINESTRING (121651.280000001 486456.045000002, 121639.107000001 486452.629000001, 121634.322000001 486451.215, 121621.331999999 486447.243000001, 121595.903999999 486439.451000001, 121587.909000002 486437.043000001, 121574.6813610779 486432.97620198777)",HEG1001,A,71.0,4.0,15.0,2.0,14.0,2.0,7.0
HEG1102-A,117.0,"LINESTRING (121690.877 486490.241, 121693.114999998 486494.741999999, 121705.199999999 486498.015999999, 121724.82608727472 486503.7717345126)",HEG1102,A,75.0,4.0,0.0,1.0,15.0,2.0,6.0
HEG1102-B,100.0,"LINESTRING (121724.82608727472 486503.7717345126, 121732.182 486505.929000001, 121750.079999998 486511.364999998, 121750.892000001 486511.612, 121753.921 486512.506000001, 121765.4898414141 486515.9899820702)",HEG1102,B,100.0,4.0,21.0,2.0,0.0,1.0,6.0
HEG1102-C,100.0,"LINESTRING (121765.4898414141 486515.9899820702, 121775.445 486518.988000002, 121789.3860797041 486523.33540916047)",HEG1102,C,0.0,1.0,0.0,1.0,8.0,1.0,6.0
HEG1102-D,83.0,"LINESTRING (121789.3860797041 486523.33540916047, 121789.59 486523.399, 121789.576000001 486523.511, 121841.868999999 486539.107999999)",HEG1102,D,100.0,4.0,16.0,2.0,1.0,1.0,7.0
KBS0201-B,110.0,"LINESTRING (121978.7651235645 487202.51852754346, 121977.715 487198.245000001, 121977.311000001 487196.603, 121977.043000001 487195.213, 121976.886999998 487193.859999999, 121976.682999998 487192.719999999, 121976.397999998 487191.355, 121975.368000001 487188.554000001, 121975.238000002 487188.594999999, 121975.09330214244 487188.16090642696)",KBS0201,B,100.0,4.0,100.0,4.0,0.0,1.0,7.0
KBS0201-B,110.0,"LINESTRING (121978.7651235645 487202.51852754346, 121977.715 487198.245000001, 121977.311000001 487196.603, 121977.043000001 487195.213, 121976.886999998 487193.859999999, 121976.682999998 487192.719999999, 121976.397999998 487191.355, 121975.368000001 487188.554000001, 121975.238000002 487188.594999999, 121975.09330214244 487188.16090642696)",KBS0201,B,100.0,4.0,60.0,4.0,9.0,1.0,7.0
KBS0301-A,100.0,"LINESTRING (121932.796999998 487131.381999999, 121948.195 487144.616999999, 121951.3405742192 487147.1929412714)",KBS0301,A,80.0,4.0,100.0,4.0,67.0,4.0,9.333333333333334
KBS0301-A,100.0,"LINESTRING (121932.796999998 487131.381999999, 121948.195 487144.616999999, 121951.3405742192 487147.1929412714)",KBS0301,A,80.0,4.0,100.0,4.0,67.0,4.0,9.333333333333334
KBS0302-B,100.0,"LINESTRING (121966.72085235832 487149.0118696573, 121964.875999998 487147.311999999, 121946.217 487130.583999999, 121937.504999999 487123.234000001)",KBS0302,B,100.0,4.0,83.0,4.0,33.0,3.0,8.0
KPG0202-A,120.0,"LINESTRING (121035.201000001 488214.912, 121037.030999999 488214.971000001, 121041.221000001 488217.090999998, 121043.64113723185 488221.4356729215)",KPG0202,A,89.0,4.0,78.0,4.0,22.0,2.0,8.0
KPG0202-C,120.0,"LINESTRING (121044.78471917017 488223.4886513311, 121067.693 488264.614)",KPG0202,C,89.0,4.0,100.0,4.0,80.0,4.0,8.0
KVV0704-B,109.0,"LINESTRING (119074.00914566097 486363.88727506227, 119071.809999999 486359.789999999, 119052.565000001 486324.153999999, 119049.05861422856 486317.6609793244)",KVV0704,B,29.0,2.0,100.0,4.0,60.0,4.0,5.0
KZG0102-A,72.0,"LINESTRING (121139.041000001 488068.581, 121086.601 487976.480999999, 121086.213 487976.675000001, 121085.31819650836 487974.88258093887)",KZG0102,A,93.0,4.0,100.0,4.0,0.0,1.0,7.0
KZG0102-B,72.0,"LINESTRING (121085.31819650836 487974.88258093887, 121083.030999999 487970.300999999, 121082.41051452636 487969.19376213464)",KZG0102,B,100.0,4.0,100.0,4.0,0.0,1.0,10.666666666666666
KZG0102-C,72.0,"LINESTRING (121082.41051452636 487969.19376213464, 121073.8847505475 487953.97978998476)",KZG0102,C,83.0,4.0,61.0,4.0,15.0,2.0,8.0
KZG0102-D,72.0,"LINESTRING (121073.8847505475 487953.97978998476, 121069.250999998 487945.710999999, 121055.60767220047 487921.55643711984)",KZG0102,D,100.0,4.0,40.0,3.0,0.0,1.0,7.0
KZG0102-F,72.0,"LINESTRING (121051.9623023166 487915.1166244442, 121040.50257828372 487894.9559988316)",KZG0102,F,100.0,4.0,100.0,4.0,100.0,4.0,9.333333333333334
KZG0102-G,72.0,"LINESTRING (121040.50257828372 487894.9559988316, 121035.9315370028 487886.91435213404)",KZG0102,G,67.0,4.0,100.0,4.0,33.0,3.0,8.0
KZG0102-H,72.0,"LINESTRING (121035.9315370028 487886.91435213404, 121029.21581256956 487875.0996517427)",KZG0102,H,0.0,1.0,100.0,4.0,53.0,4.0,7.0
KZG0102-I,72.0,"LINESTRING (121029.21581256956 487875.0996517427, 121028.921 487874.581, 121028.691 487874.701000001, 121018.208000001 487855.988000002, 121017.987 487855.633000001, 121017.72765363971 487855.2943013939)",KZG0102,I,67.0,4.0,100.0,4.0,0.0,1.0,8.0
KZG0301-02-A,100.0,"LINESTRING (120791.304000001 487481.124000002, 120791.175999999 487481.296999998, 120791.061000001 487481.478, 120790.958000001 487481.666000001, 120790.866999999 487481.861000001, 120790.789999999 487482.061000001, 120790.727000002 487482.265999999, 120790.677000001 487482.475000001, 120790.642000001 487482.686000001, 120790.620000001 487482.899999999, 120790.613000002 487483.114999998, 120790.620999999 487483.329, 120790.811000001 487487.215, 120791.048999999 487487.344999999, 120791.135000002 487487.585000001, 120791.074000001 487487.835000001, 120790.848999999 487487.984999999, 120792.29612289045 487507.6260878485)",KZG0301-02,A,67.0,4.0,10.0,2.0,100.0,4.0,7.0
KZG0501-B,120.0,"LINESTRING (120765.54279003442 487091.36546898657, 120765.408 487091.374000002, 120769.08223768338 487149.12217131065)",KZG0501,B,83.0,4.0,86.0,4.0,61.0,4.0,6.666666666666667
KZG0501-D,120.0,"LINESTRING (120772.99998933094 487210.6976633674, 120777.197999999 487276.677999999, 120777.215999998 487276.828000002, 120777.247000001 487276.967, 120777.291999999 487277.101, 120777.351 487277.230999999, 120777.421999998 487277.353, 120777.506000001 487277.467999998, 120777.600000001 487277.574000001, 120777.704999998 487277.669, 120777.818999998 487277.754000001)",KZG0501,D,100.0,4.0,100.0,4.0,28.0,2.0,8.0
LAG0201-A,157.0,"LINESTRING (120279.912999999 487088.522, 120280.004000001 487088.622000001, 120280.105 487088.710999999, 120280.215 487088.789000001, 120280.309999999 487088.842999998, 120282.726 487089.726, 120295.421999998 487094.958000001, 120414.997000001 487145.359000001, 120420.616999999 487147.697999999, 120424.58514864341 487149.43488123454)",LAG0201,A,91.0,4.0,8.0,1.0,25.0,2.0,7.0
LEG0402-B,141.0,"LINESTRING (120494.75401597693 486500.81023506226, 120478.14748824183 486491.37449255923)",LEG0402,B,83.0,4.0,25.0,2.0,10.0,2.0,6.666666666666667
LOG0102-A,121.0,"LINESTRING (120610.155999999 486879.120000001, 120609.532000002 486878.607000001, 120609.338 486878.465999998, 120609.135000002 486878.337000001, 120608.925999999 486878.221000001, 120608.708999999 486878.116999999, 120608.487 486878.026000001, 120603.870999999 486876.300999999, 120582.725000001 486865.033, 120562.31323230878 486854.2099656493)",LOG0102,A,86.0,4.0,88.0,4.0,43.0,3.0,8.0
LOG0201-A,120.0,"LINESTRING (120405.125999998 486786.234000001, 120405.598999999 486786.693, 120405.708999999 486786.787, 120405.941 486786.960999999, 120406.186000001 486787.114999998, 120500 486835.912, 120546.01844186588 486859.8470629241)",LOG0201,A,73.0,4.0,13.0,2.0,28.0,2.0,7.0
LOG0202-A,132.0,"LINESTRING (120550.988000002 486848.659000002, 120550.162999999 486848.25, 120537.364999998 486840.587000001, 120500 486821.149999999, 120413.01920233991 486775.90608274145)",LOG0202,A,82.0,4.0,14.0,2.0,22.0,2.0,7.0
LYG0601-A,132.0,"LINESTRING (120212.739 487263.327, 120212.348999999 487260.831, 120212.280999999 487260.488000002, 120208.013 487241.131000001, 120207.925000001 487240.699000001, 120207.851 487240.263999999, 120207.791999999 487239.827, 120207.745999999 487239.388999999, 120207.715 487238.949000001, 120207.699000001 487238.508000001, 120207.697000001 487238.068, 120207.708999999 487237.627, 120207.736000001 487237.186999999, 120207.776999999 487236.748, 120207.831999999 487236.309999999, 120207.901000001 487235.875, 120207.984999999 487235.442000002, 120208.083000001 487235.011999998, 120208.195 487234.585999999, 120208.320999999 487234.162999999, 120208.460000001 487233.745000001, 120208.613000002 487233.331, 120208.745999999 487233.002, 120229.54560261536 487183.666521983)",LYG0601,A,73.0,4.0,81.0,4.0,34.0,3.0,6.0
LYG0601-B,120.0,"LINESTRING (120229.54560261536 487183.666521983, 120243.383000001 487150.844999999, 120243.7394293487 487149.9851238902)",LYG0601,B,100.0,4.0,49.0,3.0,31.0,3.0,6.0
LYG0601-C,120.0,"LINESTRING (120243.7394293487 487149.9851238902, 120257.173 487117.577, 120258.372000001 487114.719999999, 120261.458999999 487107.320999999, 120264.00080284323 487101.238276003)",LYG0601,C,71.0,4.0,21.0,2.0,27.0,2.0,6.0
LYG0601-D,126.0,"LINESTRING (120264.00080284323 487101.238276003, 120269.87292984864 487087.1858376227)",LYG0601,D,100.0,4.0,4.0,1.0,7.0,1.0,6.0
LYG0604-A,132.0,"LINESTRING (120254.149 487075.934, 120253.969999999 487076.348000001, 120254.022 487076.372000001, 120254.081 487076.408, 120254.120999999 487076.436999999, 120254.193 487076.504000001, 120254.225000001 487076.541000001, 120254.265000001 487076.596999999, 120254.304000001 487076.664000001, 120254.324000001 487076.708999999, 120254.340999998 487076.754999999, 120254.359999999 487076.829999998, 120254.370000001 487076.899, 120254.373 487076.947999999, 120254.368000001 487077.046, 120254.359000001 487077.094000001, 120254.348000001 487077.142000001, 120254.315000001 487077.234000001, 120254.267999999 487077.32, 120254.210000001 487077.399, 120254.175999999 487077.434, 120254.124000002 487077.480999999, 120254.061000001 487077.526000001, 120254.019000001 487077.550000001, 120253.956 487077.579999998, 120253.883000001 487077.605, 120253.835000001 487077.616, 120253.765999999 487077.625999998, 120253.688999999 487077.629000001, 120253.590999998 487077.620000001, 120253.515999999 487077.602000002, 120253.436999999 487077.574999999, 120249.544 487086.530000001, 120249.568 487086.603, 120249.577 487086.679000001, 120249.572000001 487086.756000001, 120249.552999999 487086.829999998, 120249.521000002 487086.899999999, 120249.476 487086.962000001, 120249.420000002 487087.015000001, 120249.355999999 487087.056000002, 120249.306000002 487087.078000002, 120210.364999998 487178.339000002, 120201.041000001 487200.094000001, 120194.19307510827 487218.80512517324)",LYG0604,A,81.0,4.0,65.0,4.0,26.0,2.0,7.0
LYG0604-A1,72.0,"LINESTRING (120194.19307510827 487218.80512517324, 120189.237 487232.346999999, 120189.127999999 487232.660999998, 120189.015999999 487233.022999998, 120188.919 487233.390000001, 120188.835000001 487233.760000002, 120188.765000001 487234.133000001, 120188.708999999 487234.508000001, 120188.668000001 487234.886, 120188.640999999 487235.263999999, 120188.629000001 487235.642999999, 120188.631000001 487236.022999998, 120188.647 487236.401999999, 120188.677000001 487236.780000001, 120188.721999999 487237.157000002, 120188.782000002 487237.532000002, 120188.855 487237.903999999, 120190.17805580457 487243.9972733676)",LYG0604,A1,67.0,4.0,62.0,4.0,6.0,1.0,7.0
LYG0701-A,130.0,"LINESTRING (120351.675999999 486888.098999999, 120351.772 486887.987, 120351.875 486887.857999999, 120351.971999999 486887.726, 120352.065000001 486887.59, 120352.153000001 486887.451000001, 120352.234999999 486887.309, 120352.313000001 486887.164000001, 120352.384 486887.015999999, 120352.451000001 486886.866, 120355.634 486879.300999999, 120362.39011476672 486863.34227260336)",LYG0701,A,67.0,4.0,20.0,2.0,20.0,2.0,7.0
LYG0701-B,120.0,"LINESTRING (120362.39011476672 486863.34227260336, 120370.96687333273 486843.0829731954)",LYG0701,B,100.0,4.0,18.0,2.0,55.0,4.0,7.0
LYG0703-A,120.0,"LINESTRING (120410.704999998 486707.645, 120410.644000001 486707.693, 120410.587000001 486707.745000001, 120410.534000002 486707.802000001, 120410.486000001 486707.863000002, 120410.443 486707.927000001, 120410.403999999 486707.993999999, 120410.370999999 486708.063999999, 120368.899 486806.392000001, 120360.859000001 486825.230999999, 120354.903999999 486839.403999999, 120349.908 486851.280000001, 120345.783 486861.076000001, 120342.942000002 486867.66, 120339.528999999 486875.405999999, 120337.899 486878.895, 120337.432999998 486879.980999999, 120337.258000001 486880.363000002, 120337.203000002 486880.489, 120337.142000001 486880.640999999, 120337.085999999 486880.796, 120337.035999998 486880.952, 120336.991999999 486881.111000001, 120336.954 486881.27, 120336.921999998 486881.432, 120336.89559249581 486881.5904450258)",LYG0703,A,93.0,4.0,10.0,2.0,8.0,1.0,7.0
LYG0801-A,120.0,"LINESTRING (120428.967999998 486707.423999999, 120429.033 486707.381000001, 120429.094000001 486707.333999999, 120429.151999999 486707.282000002, 120429.204999998 486707.226, 120429.254000001 486707.166000001, 120429.298 486707.103, 120429.337000001 486707.035999998, 120429.370999999 486706.965999998, 120445.370000001 486670.449999999, 120447.45484612505 486665.9127755975)",LYG0801,A,100.0,4.0,44.0,3.0,9.0,1.0,9.333333333333334
LYG0801-B,120.0,"LINESTRING (120447.45484612505 486665.9127755975, 120449.16254048901 486662.1963418285)",LYG0801,B,33.0,3.0,40.0,3.0,40.0,3.0,7.0
LYG0902-A,141.0,"LINESTRING (120505.855 486493.265000001, 120500 486501.350000001, 120499.05119493538 486502.660117703)",LYG0902,A,67.0,4.0,100.0,4.0,57.0,4.0,7.0
LYG1101-B,156.0,"LINESTRING (120903.6959768294 486111.51781906193, 120914.21489177782 486103.0559972541)",LYG1101,B,88.0,4.0,100.0,4.0,18.0,2.0,7.0
LYG1201-A,129.0,"LINESTRING (120940.464000002 486081.370999999, 120975 486053.995000001, 121029.631000001 486010.691)",LYG1201,A,88.0,4.0,100.0,4.0,14.0,2.0,7.0
LYG1401-A,120.0,"LINESTRING (121217.151000001 485916.511, 121450 485891.107000001, 121491.932999998 485886.532000002, 121533.857000001 485881.864, 121536.4459654806 485881.5809660861)",LYG1401,A,100.0,4.0,100.0,4.0,33.0,3.0,8.0
OHF0401-01-B,109.0,"LINESTRING (121919.08155498398 487802.087133123, 121918.191 487802.000999998, 121916.636 487802.227000002, 121915.078000002 487802.432999998, 121912.737 487802.706999999, 121910.392000001 487802.938000001, 121908.826000001 487803.068999998, 121907.259 487803.18, 121905.690000001 487803.272, 121904.120000001 487803.344000001, 121901.765000001 487803.418000001, 121900.193999998 487803.442000002, 121898.622000001 487803.447999999, 121897.050999999 487803.434, 121895.851 487803.410999998, 121893.629999999 487803.322000001, 121891.412 487803.190000001, 121889.195999999 487803.015000001, 121887.721000001 487802.875, 121885.511999998 487802.627999999, 121883.309 487802.339000002, 121881.111000001 487802.006000001, 121879.421 487801.721000001, 121877.226 487801.383000001, 121875.037999999 487801.002999999, 121872.857999999 487800.579999998, 121870.686999999 487800.114, 121868.524999999 487799.607000001, 121866.373 487799.057, 121864.232999999 487798.465999998, 121862.811999999 487798.048999999, 121861.581 487797.671, 121857.784000002 487796.353999998, 121855.260000002 487795.453000002, 121852.743000001 487794.534000002, 121850.232999999 487793.596999999, 121847.728999998 487792.642000001, 121843.986000001 487791.177000001, 121841.5 487790.177000001, 121824.691 487783.271000002, 121820.140999999 487781.232000001)",OHF0401-01,B,69.0,4.0,100.0,4.0,18.0,2.0,7.0
OUS0104-A,120.0,"LINESTRING (122085.006999999 487152.886, 122084.66 487153.399999999, 122085.219999999 487156.34, 122122.39546328963 487182.37771434005)",OUS0104,A,100.0,4.0,0.0,1.0,0.0,1.0,8.0
OUS0201-A,157.0,"LINESTRING (122101.84 487108.989999998, 122072.83275123259 487089.4048137863)",OUS0201,A,100.0,4.0,100.0,4.0,43.0,3.0,9.0
OUS0201-B,120.0,"LINESTRING (122072.83275123259 487089.4048137863, 122067.86008001532 487086.0473532929)",OUS0201,B,50.0,4.0,100.0,4.0,45.0,3.0,9.0
OUS0202-B,100.0,"LINESTRING (121968.10815041105 487073.28559965984, 122030.90512761881 487117.8449943322)",OUS0202,B,92.0,4.0,57.0,4.0,23.0,2.0,12.0
OUS0202-C,100.0,"LINESTRING (122030.90512761881 487117.8449943322, 122034.829999998 487120.629999999, 122034.550000001 487121.050000001, 122054.190000001 487135.079999998, 122067.88471381455 487144.36600594356)",OUS0202,C,100.0,4.0,19.0,2.0,28.0,2.0,9.0
OVW0302-A,77.0,"LINESTRING (121788.190000001 487532.579999998, 121781.27472067757 487522.6142681193)",OVW0302,A,83.0,4.0,100.0,4.0,9.0,1.0,6.0
OVW0302-C,77.0,"LINESTRING (121773.48719260188 487511.3915230687, 121763.140000001 487496.48, 121748.780000001 487477.039999999, 121748.14483425973 487476.240001844)",OVW0302,C,83.0,4.0,15.0,2.0,12.0,2.0,8.0
OVW0401-A,111.0,"LINESTRING (121601.802999999 487322.884, 121611.370000001 487334.484999999, 121612.5949863971 487336.0189054615)",OVW0401,A,33.0,3.0,100.0,4.0,0.0,1.0,7.0
OVW0401-B,68.0,"LINESTRING (121612.5949863971 487336.0189054615, 121618.131000001 487342.951000001, 121618.136999998 487342.958000001, 121624.502999999 487350.923999999, 121643.938000001 487375, 121653.195999999 487386.469000001, 121653.00082271067 487386.6110418349)",OVW0401,B,89.0,4.0,27.0,2.0,0.0,1.0,6.0
OVW0401-D,68.0,"LINESTRING (121659.90452490532 487395.11336865416, 121677.495000001 487417.011999998, 121677.383000001 487417.096000001, 121677.86863161858 487417.69522540097)",OVW0401,D,100.0,4.0,38.0,3.0,13.0,2.0,5.0
OVW0402-A,107.0,"LINESTRING (121723.079999998 487444.969999999, 121713.16 487431.77, 121710.37162585236 487428.2533191715)",OVW0402,A,92.0,4.0,100.0,4.0,5.0,1.0,7.0
OVW0502-A,120.0,"LINESTRING (121613.68 487306.25, 121562.999000002 487239.002999999, 121553.25577932963 487225.7444317138)",OVW0502,A,93.0,4.0,100.0,4.0,49.0,3.0,9.333333333333334
PRG0501-C,130.0,"LINESTRING (120643.35813928617 487249.3579998385, 120643.363000002 487249.416000001, 120643.570999999 487252.066, 120643.765000001 487254.717, 120643.943999998 487257.368999999, 120644.107999999 487260.022, 120644.259 487262.675999999, 120644.395 487265.331, 120644.515999999 487267.986000001, 120644.624000002 487270.642000001, 120644.717 487273.298999999, 120644.795000002 487275.956, 120644.859000001 487278.613000002, 120644.918000001 487281.874000002)",PRG0501,C,67.0,4.0,17.0,2.0,17.0,2.0,7.0
PRG0702-B,120.0,"LINESTRING (120606.85650813727 486658.8445698893, 120606.839000002 486658.973999999, 120608.059 486678.337000001, 120608.55846540559 486685.7882739885)",PRG0702,B,100.0,4.0,75.0,4.0,50.0,4.0,6.0
PRG0702-C,120.0,"LINESTRING (120608.55846540559 486685.7882739885, 120609.923999999 486706.16, 120610.120000001 486709.201000001, 120610.916999999 486718.289999999, 120611.68293180957 486729.8259729897)",PRG0702,C,100.0,4.0,50.0,4.0,20.0,2.0,6.0
RBS0101-A,120.0,"LINESTRING (121916.559 487392.052000001, 121925 487384.048, 121934.543000001 487375, 121950.66483899431 487359.71329647687)",RBS0101,A,67.0,4.0,77.0,4.0,36.0,3.0,8.0
RBS0103-A,35.0,"LINESTRING (121958.9664635358 487352.1278288101, 121968.84927059038 487342.931083477)",RBS0103,A,0.0,1.0,100.0,4.0,42.0,3.0,6.0
RLG0401-A,134.0,"LINESTRING (121547.943 485890.778999999, 121546.702 485891.634, 121546.616 485891.697000001, 121546.533 485891.765000001, 121546.454999998 485891.837000001, 121546.379999999 485891.914000001, 121546.309999999 485891.993999999, 121546.245000001 485892.079, 121546.184999999 485892.166999999, 121546.129000001 485892.258000001, 121546.079 485892.352000002, 121546.034000002 485892.449000001, 121545.995000001 485892.548, 121545.960999999 485892.649999999, 121545.932999998 485892.752999999, 121545.910999998 485892.857000001, 121545.895 485892.962000001, 121545.884 485893.068999998, 121545.21361584822 485911.84166618553)",RLG0401,A,80.0,4.0,100.0,4.0,20.0,2.0,7.0
RLG0401-C,154.0,"LINESTRING (121545.03517632888 485916.8384811049, 121542.374000002 485991.359000001, 121540.71791726704 486041.2134815034)",RLG0401,C,100.0,4.0,100.0,4.0,18.0,2.0,7.0
WDK0101-A,128.0,"LINESTRING (121168.221799999 489072.3763, 121172.324000001 489072.57, 121172.533 489072.587000001, 121172.741 489072.616999999, 121172.945999999 489072.660999998, 121173.147999998 489072.719000001, 121173.344999999 489072.789000001, 121173.537999999 489072.872000001, 121173.723999999 489072.967999998, 121173.905000001 489073.076000001, 121174.077 489073.195, 121174.241 489073.324999999, 121174.397 489073.465999998, 121174.528999999 489073.601, 121174.651999999 489073.743999999, 121174.767000001 489073.892999999, 121174.873 489074.048999999, 121174.969000001 489074.210999999, 121175.056000002 489074.379000001, 121175.133000001 489074.550999999, 121175.199000001 489074.727000002, 121175.254999999 489074.907000002, 121175.300000001 489075.09, 121175.335000001 489075.276000001, 121175.357999999 489075.463, 121176.01319108176 489082.33463744074)",WDK0101,A,50.0,4.0,100.0,4.0,38.0,3.0,7.0
WDK0101-B,120.0,"LINESTRING (121176.01319108176 489082.33463744074, 121176.149 489083.759, 121176.791999999 489093.620000001, 121177.93315452262 489110.52877209516)",WDK0101,B,83.0,4.0,100.0,4.0,0.0,1.0,8.0
WDK0102-01-B,115.0,"LINESTRING (121172.24162028311 489042.15931814926, 121172.973999999 489050.298999999, 121172.982000001 489050.423, 121172.984999999 489050.548, 121172.982000001 489050.673, 121172.973000001 489050.796999998, 121172.958000001 489050.921, 121172.938000001 489051.044, 121172.912 489051.166000001, 121172.879999999 489051.287, 121172.842999998 489051.405999999, 121172.800000001 489051.522999998, 121172.752 489051.638, 121172.699000001 489051.750999998, 121172.640000001 489051.861000001, 121172.577 489051.967999998, 121172.509 489052.072000001, 121172.434999999 489052.173, 121172.357999999 489052.271000002, 121172.276000001 489052.364999998, 121172.188999999 489052.454999998, 121172.098999999 489052.541000001, 121172.004999999 489052.622000001, 121171.907000002 489052.699999999, 121171.805 489052.772, 121171.701000001 489052.84, 121171.592999998 489052.903000001, 121171.482999999 489052.960999999, 121171.370000001 489053.013, 121171.254000001 489053.061000001, 121171.136999998 489053.103, 121171.017999999 489053.140000001, 121170.897 489053.171, 121170.807 489053.190000001, 121166.313999999 489054.077, 121166.192000002 489054.109000001, 121166.07 489054.146000002, 121166.02649420993 489054.16172058065)",WDK0102-01,B,67.0,4.0,100.0,4.0,0.0,1.0,7.0
WEG0102-C,160.0,"LINESTRING (122028.31730897755 487428.4155973088, 122004.719999999 487489.510000002, 122004.44341623884 487493.30674072885)",WEG0102,C,93.0,4.0,100.0,4.0,24.0,2.0,9.0
